{
  "character": {
                "安柏": ["Amber", 4, "F", "BOW"],
                "芭芭拉": ["Barbara", 4, "F", "CATA"],
                "北斗": ["Beidou", 4, "F", "CLAY"],
                "班尼特": ["Bennett", 4, "M", "SWORD"],
                "重云": ["Chongyun", 4, "M", "CLAY"],
                "迪卢克": ["Chongyun", 4, "M", "CLAY"],
                "菲谢尔": ["Chongyun", 4, "M", "CLAY"],
                "琴": ["Chongyun", 4, "M", "CLAY"],
                "凯亚": ["Chongyun", 4, "M", "CLAY"],
                "刻晴": ["Chongyun", 4, "M", "CLAY"],
                "可莉": ["Chongyun", 4, "M", "CLAY"],
                "丽莎": ["Chongyun", 4, "M", "CLAY"],
                "莫娜": ["Chongyun", 4, "M", "CLAY"],
                "凝光": ["Chongyun", 4, "M", "CLAY"],
                "诺艾尔": ["Chongyun", 4, "M", "CLAY"],
                "七七": ["Chongyun", 4, "M", "CLAY"],
                "雷泽": ["Chongyun", 4, "M", "CLAY"],
                "砂糖": ["Chongyun", 4, "M", "CLAY"],
                "空": ["Chongyun", 4, "M", "CLAY"],
                "荧": ["Chongyun", 4, "M", "CLAY"],
                "旅行者": ["Chongyun", 4, "M", "CLAY"],
                "温迪": ["Chongyun", 4, "M", "CLAY"],
                "香菱": ["Chongyun", 4, "M", "CLAY"],
                "魈": ["Chongyun", 4, "M", "CLAY"],
                "达达利亚": ["Chongyun", 4, "M", "CLAY"],
                "钟离": ["Chongyun", 4, "M", "CLAY"],
                "迪奥娜": ["Chongyun", 4, "M", "CLAY"],
                "辛焱": ["Chongyun", 4, "M", "CLAY"],
                "甘雨": ["Chongyun", 4, "M", "CLAY"],
                "阿贝多": ["Chongyun", 4, "M", "CLAY"],
                "罗莎莉亚": ["Chongyun", 4, "M", "CLAY"],
                "神里绫华": ["Chongyun", 4, "M", "CLAY"],
                "胡桃": ["Chongyun", 4, "M", "CLAY"],
                "烟绯": ["Chongyun", 4, "M", "CLAY"],
                "优菈": ["Chongyun", 4, "M", "CLAY"],
                "枫原万叶": ["Chongyun", 4, "M", "CLAY"],
                "宵宫": ["Chongyun", 4, "M", "CLAY"],
                "早柚": ["Chongyun", 4, "M", "CLAY"],
                "雷电将军": ["Chongyun", 4, "M", "CLAY"],
                "珊瑚宫心海": ["Chongyun", 4, "M", "CLAY"],
                "埃洛伊": ["Chongyun", 4, "M", "CLAY"],
                "九条裟罗": ["Chongyun", 4, "M", "CLAY"],
                "托马": ["Chongyun", 4, "M", "CLAY"],
                "荒泷一斗": ["Chongyun", 4, "M", "CLAY"],
                "行秋": ["Chongyun", 4, "M", "CLAY"]

              },
  "weapon": [],
  "artifact": []
}